{
  "images" : [
    {
      "filename" : "arrow-right-1.png",
      "idiom" : "universal",
      "scale" : "1x"
    },
    {
      "appearances" : [
        {
          "appearance" : "luminosity",
          "value" : "dark"
        }
      ],
      "filename" : "arrow-right_upcoming-jobs.png",
      "idiom" : "universal",
      "scale" : "1x"
    },
    {
      "filename" : "arrow-right-1@2x.png",
      "idiom" : "universal",
      "scale" : "2x"
    },
    {
      "appearances" : [
        {
          "appearance" : "luminosity",
          "value" : "dark"
        }
      ],
      "filename" : "arrow-right_upcoming-jobs@2x.png",
      "idiom" : "universal",
      "scale" : "2x"
    },
    {
      "filename" : "arrow-right-1@3x.png",
      "idiom" : "universal",
      "scale" : "3x"
    },
    {
      "appearances" : [
        {
          "appearance" : "luminosity",
          "value" : "dark"
        }
      ],
      "filename" : "arrow-right_upcoming-jobs@3x.png",
      "idiom" : "universal",
      "scale" : "3x"
    }
  ],
  "info" : {
    "author" : "xcode",
    "version" : 1
  }
}
