{
  "images" : [
    {
      "filename" : "arrow-left-1.png",
      "idiom" : "universal",
      "scale" : "1x"
    },
    {
      "appearances" : [
        {
          "appearance" : "luminosity",
          "value" : "dark"
        }
      ],
      "filename" : "arrow-left_for-header_white.png",
      "idiom" : "universal",
      "scale" : "1x"
    },
    {
      "filename" : "arrow-left-1@2x.png",
      "idiom" : "universal",
      "scale" : "2x"
    },
    {
      "appearances" : [
        {
          "appearance" : "luminosity",
          "value" : "dark"
        }
      ],
      "filename" : "arrow-left_for-header_white@2x.png",
      "idiom" : "universal",
      "scale" : "2x"
    },
    {
      "filename" : "arrow-left-1@3x.png",
      "idiom" : "universal",
      "scale" : "3x"
    },
    {
      "appearances" : [
        {
          "appearance" : "luminosity",
          "value" : "dark"
        }
      ],
      "filename" : "arrow-left_for-header_white@3x.png",
      "idiom" : "universal",
      "scale" : "3x"
    }
  ],
  "info" : {
    "author" : "xcode",
    "version" : 1
  }
}
